{
    "accuracy": 0.49,
    "precision": 0.29678750368405543,
    "recall": 0.3805689747718733,
    "f1": 0.3038847117794486
}